-- phpMyAdmin SQL Dump
-- version 4.0.10deb1
-- http://www.phpmyadmin.net
--
-- Servidor: localhost
-- Tiempo de generación: 20-04-2018 a las 07:46:44
-- Versión del servidor: 5.5.58-0ubuntu0.14.04.1
-- Versión de PHP: 5.5.9-1ubuntu4.22

SET SQL_MODE = "NO_AUTO_VALUE_ON_ZERO";
SET time_zone = "+00:00";


/*!40101 SET @OLD_CHARACTER_SET_CLIENT=@@CHARACTER_SET_CLIENT */;
/*!40101 SET @OLD_CHARACTER_SET_RESULTS=@@CHARACTER_SET_RESULTS */;
/*!40101 SET @OLD_COLLATION_CONNECTION=@@COLLATION_CONNECTION */;
/*!40101 SET NAMES utf8 */;

--
-- Base de datos: `siccas`
--

-- --------------------------------------------------------

--
-- Estructura de tabla para la tabla `activacions`
--

CREATE TABLE IF NOT EXISTS `activacions` (
  `id` bigint(20) NOT NULL AUTO_INCREMENT,
  `guid` varchar(32) NOT NULL,
  `id_periodo` bigint(20) NOT NULL,
  `created_at` timestamp NULL DEFAULT NULL,
  `updated_at` timestamp NULL DEFAULT NULL,
  PRIMARY KEY (`id`)
) ENGINE=InnoDB DEFAULT CHARSET=latin1 AUTO_INCREMENT=1 ;

-- --------------------------------------------------------

--
-- Estructura de tabla para la tabla `candidatos`
--

CREATE TABLE IF NOT EXISTS `candidatos` (
  `id` bigint(20) NOT NULL AUTO_INCREMENT,
  `id_habitante` bigint(20) NOT NULL,
  `id_periodo` bigint(20) NOT NULL,
  `id_eleccion` bigint(20) NOT NULL,
  `id_comite` bigint(20) NOT NULL,
  `created_at` timestamp NULL DEFAULT NULL,
  `updated_at` timestamp NULL DEFAULT NULL,
  PRIMARY KEY (`id`)
) ENGINE=InnoDB  DEFAULT CHARSET=latin1 AUTO_INCREMENT=16 ;

--
-- Volcado de datos para la tabla `candidatos`
--

INSERT INTO `candidatos` (`id`, `id_habitante`, `id_periodo`, `id_eleccion`, `id_comite`, `created_at`, `updated_at`) VALUES
(1, 1, 1, 1, 2, '2018-04-15 21:24:19', '2018-04-15 21:24:19'),
(2, 2, 1, 1, 1, '2018-04-15 21:48:43', '2018-04-15 21:48:43'),
(3, 3, 1, 1, 3, '2018-04-15 21:50:24', '2018-04-15 21:50:24'),
(4, 6, 1, 1, 4, '2018-04-15 21:51:58', '2018-04-15 21:51:58'),
(5, 20, 1, 1, 1, '2018-04-16 00:17:51', '2018-04-16 00:17:51'),
(6, 28, 1, 1, 2, '2018-04-16 00:19:07', '2018-04-16 00:19:07'),
(8, 17, 1, 1, 3, '2018-04-16 00:21:41', '2018-04-16 00:21:41'),
(9, 16, 1, 1, 3, '2018-04-16 00:22:01', '2018-04-16 00:22:01'),
(10, 271, 1, 1, 4, '2018-04-16 00:23:58', '2018-04-16 00:23:58'),
(11, 276, 1, 1, 4, '2018-04-16 00:24:18', '2018-04-16 00:24:18'),
(12, 1, 1, 1, 4, '2018-04-16 01:49:21', '2018-04-16 01:49:21'),
(13, 2, 1, 1, 4, '2018-04-16 01:49:38', '2018-04-16 01:49:38'),
(14, 28, 1, 1, 3, '2018-04-16 02:17:42', '2018-04-16 02:17:42'),
(15, 6, 1, 1, 3, '2018-04-16 02:18:04', '2018-04-16 02:18:04');

-- --------------------------------------------------------

--
-- Estructura de tabla para la tabla `cargos`
--

CREATE TABLE IF NOT EXISTS `cargos` (
  `id` bigint(20) NOT NULL AUTO_INCREMENT,
  `descripcion` varchar(200) NOT NULL,
  `created_at` timestamp NULL DEFAULT NULL,
  `updated_at` timestamp NULL DEFAULT NULL,
  PRIMARY KEY (`id`)
) ENGINE=InnoDB DEFAULT CHARSET=latin1 AUTO_INCREMENT=1 ;

-- --------------------------------------------------------

--
-- Estructura de tabla para la tabla `comites`
--

CREATE TABLE IF NOT EXISTS `comites` (
  `id` bigint(20) NOT NULL AUTO_INCREMENT,
  `descripcion` varchar(500) NOT NULL,
  `cupos` int(11) NOT NULL DEFAULT '2',
  `seleccionable` int(11) NOT NULL DEFAULT '1',
  `id_eleccion` bigint(20) NOT NULL,
  `created_at` timestamp NULL DEFAULT NULL,
  `updated_at` timestamp NULL DEFAULT NULL,
  PRIMARY KEY (`id`),
  UNIQUE KEY `descripcion` (`descripcion`)
) ENGINE=InnoDB  DEFAULT CHARSET=latin1 AUTO_INCREMENT=16 ;

--
-- Volcado de datos para la tabla `comites`
--

INSERT INTO `comites` (`id`, `descripcion`, `cupos`, `seleccionable`, `id_eleccion`, `created_at`, `updated_at`) VALUES
(1, 'COMITE DE VIVIENDA Y HABITAT', 2, 1, 1, '2018-04-15 21:07:04', '2018-04-15 21:10:06'),
(2, 'COMITE DE PERSONAS CON DISCAPACIDAD', 2, 1, 1, '2018-04-15 21:10:21', '2018-04-15 21:10:21'),
(3, 'ADMINISTRACION', 11, 4, 1, '2018-04-15 21:10:31', '2018-04-16 00:46:58'),
(4, 'CONTRALORIA SOCIAL', 11, 4, 1, '2018-04-15 21:10:43', '2018-04-15 21:10:43'),
(5, 'COMITE 3', 2, 1, 1, '2018-04-16 00:02:15', '2018-04-16 00:02:15'),
(6, 'COMITE 4', 3, 1, 1, '2018-04-16 00:02:26', '2018-04-16 00:02:26'),
(7, 'COMITE 5', 3, 1, 1, '2018-04-16 00:02:37', '2018-04-16 00:02:37'),
(8, 'COMITE 7', 2, 1, 1, '2018-04-16 00:02:49', '2018-04-16 00:02:49'),
(9, 'COMITE 8', 2, 1, 1, '2018-04-16 00:03:08', '2018-04-16 00:03:08'),
(10, 'COMITE 9', 3, 1, 1, '2018-04-16 00:03:18', '2018-04-16 00:03:18'),
(11, 'COMITE 11', 2, 1, 1, '2018-04-16 00:03:33', '2018-04-16 00:03:33'),
(12, 'comite de salud', 2, 1, 2, '2018-04-17 14:24:16', '2018-04-17 14:24:16'),
(13, 'comité de administración publica', 11, 4, 2, '2018-04-17 14:24:45', '2018-04-17 14:24:45'),
(14, 'comite de ambiente', 2, 1, 2, '2018-04-17 14:25:07', '2018-04-17 14:25:07'),
(15, 'comité de contraloria social', 11, 4, 2, '2018-04-17 14:25:39', '2018-04-17 14:25:39');

-- --------------------------------------------------------

--
-- Estructura de tabla para la tabla `eleccions`
--

CREATE TABLE IF NOT EXISTS `eleccions` (
  `id` bigint(20) NOT NULL AUTO_INCREMENT,
  `descripcion` text NOT NULL,
  `created_at` timestamp NULL DEFAULT NULL,
  `updated_at` timestamp NULL DEFAULT NULL,
  PRIMARY KEY (`id`)
) ENGINE=InnoDB  DEFAULT CHARSET=latin1 AUTO_INCREMENT=3 ;

--
-- Volcado de datos para la tabla `eleccions`
--

INSERT INTO `eleccions` (`id`, `descripcion`, `created_at`, `updated_at`) VALUES
(1, 'ELECCIONES DEL CONSEJO COMUNAL', '2018-04-15 16:46:23', '2018-04-15 16:46:23'),
(2, 'elecciones de consejo', '2018-04-17 14:22:47', '2018-04-17 14:22:47');

-- --------------------------------------------------------

--
-- Estructura de tabla para la tabla `habitantes`
--

CREATE TABLE IF NOT EXISTS `habitantes` (
  `id` bigint(20) NOT NULL AUTO_INCREMENT,
  `nacionalidad` varchar(1) NOT NULL DEFAULT 'V',
  `cedula` int(8) NOT NULL,
  `nombre` varchar(50) NOT NULL,
  `apellido` varchar(50) NOT NULL,
  `casa` varchar(50) NOT NULL,
  `calle` varchar(50) NOT NULL,
  `vereda` varchar(50) NOT NULL,
  `sector` varchar(50) NOT NULL,
  `fecha_de_nacimiento` date NOT NULL,
  `telefono_celular` varchar(20) NOT NULL,
  `telefono_habitacion` varchar(20) NOT NULL,
  `status` tinyint(1) NOT NULL DEFAULT '1',
  `created_at` timestamp NOT NULL DEFAULT CURRENT_TIMESTAMP ON UPDATE CURRENT_TIMESTAMP,
  `updated_at` timestamp NOT NULL DEFAULT '0000-00-00 00:00:00',
  PRIMARY KEY (`id`),
  UNIQUE KEY `unique_candidatos` (`nacionalidad`,`cedula`)
) ENGINE=InnoDB  DEFAULT CHARSET=latin1 AUTO_INCREMENT=303 ;

--
-- Volcado de datos para la tabla `habitantes`
--

INSERT INTO `habitantes` (`id`, `nacionalidad`, `cedula`, `nombre`, `apellido`, `casa`, `calle`, `vereda`, `sector`, `fecha_de_nacimiento`, `telefono_celular`, `telefono_habitacion`, `status`, `created_at`, `updated_at`) VALUES
(1, 'V', 21733379, 'Sawyer', 'Cleveland', '9', '3', '23', '2', '1990-02-17', '72827216027', '77330474882', 1, '2018-04-15 18:24:59', '0000-00-00 00:00:00'),
(2, 'V', 19686038, 'Tiger', 'Dorsey', '10', '7', '17', '9', '1952-07-21', '85017440419', '24484757253', 1, '2018-04-15 18:24:59', '0000-00-00 00:00:00'),
(3, 'V', 11897205, 'Jane', 'Valencia', '21', '12', '6', '8', '1909-02-14', '41010340233', '18603119882', 1, '2018-04-15 18:24:59', '0000-00-00 00:00:00'),
(4, 'V', 20732651, 'Lamar', 'Kemp', '4', '13', '8', '3', '1920-07-22', '56136793922', '28379039488', 1, '2018-04-15 18:24:59', '0000-00-00 00:00:00'),
(5, 'V', 5577279, 'Chancellor', 'Gay', '16', '20', '8', '6', '1939-04-09', '24887310284', '27758419681', 1, '2018-04-15 18:24:59', '0000-00-00 00:00:00'),
(6, 'V', 10522721, 'Zahir', 'Ingram', '24', '24', '6', '3', '1990-10-03', '69938680665', '94168791958', 1, '2018-04-15 18:24:59', '0000-00-00 00:00:00'),
(7, 'V', 16590487, 'Latifah', 'Parsons', '18', '12', '13', '7', '2015-09-09', '78462154616', '49693088094', 1, '2018-04-15 18:24:59', '0000-00-00 00:00:00'),
(8, 'V', 39066603, 'Madison', 'Carson', '5', '8', '12', '21', '2000-06-18', '95600478936', '57674667318', 1, '2018-04-15 18:24:59', '0000-00-00 00:00:00'),
(9, 'V', 28469924, 'Cherokee', 'Mueller', '4', '21', '7', '8', '1993-11-26', '16099749132', '20489143395', 1, '2018-04-15 18:24:59', '0000-00-00 00:00:00'),
(10, 'V', 27200745, 'Amanda', 'Cunningham', '19', '22', '7', '3', '1937-12-02', '02991177256', '32428863817', 1, '2018-04-15 18:24:59', '0000-00-00 00:00:00'),
(11, 'V', 40661801, 'Alisa', 'Larsen', '16', '4', '23', '22', '2000-05-12', '69415417809', '54787206562', 1, '2018-04-15 18:25:00', '0000-00-00 00:00:00'),
(12, 'V', 23717413, 'Zahir', 'Butler', '11', '15', '17', '14', '1994-11-07', '48669384385', '96826427855', 1, '2018-04-15 18:25:00', '0000-00-00 00:00:00'),
(13, 'V', 47269520, 'Hall', 'Blevins', '9', '6', '4', '1', '2005-11-01', '30753231133', '27803032004', 1, '2018-04-15 18:25:00', '0000-00-00 00:00:00'),
(14, 'V', 30311782, 'Roth', 'Petty', '14', '1', '6', '9', '2000-11-25', '38936726418', '68893203642', 1, '2018-04-15 18:25:00', '0000-00-00 00:00:00'),
(15, 'V', 16146679, 'Alfreda', 'Carver', '13', '25', '4', '8', '1995-12-09', '80017399577', '10615198702', 1, '2018-04-15 18:25:00', '0000-00-00 00:00:00'),
(16, 'V', 18797590, 'Astra', 'Bruce', '21', '3', '17', '4', '1956-05-01', '83556430827', '73888674408', 1, '2018-04-15 18:25:00', '0000-00-00 00:00:00'),
(17, 'V', 13116288, 'Bevis', 'Landry', '7', '25', '1', '2', '1983-10-24', '26072015475', '73053475136', 1, '2018-04-15 18:25:00', '0000-00-00 00:00:00'),
(18, 'V', 26801750, 'Fay', 'Albert', '25', '4', '18', '8', '1960-09-28', '35586200607', '67053107390', 1, '2018-04-15 18:25:00', '0000-00-00 00:00:00'),
(19, 'V', 39047857, 'Whitney', 'Tate', '21', '1', '9', '2', '1910-05-25', '51697880887', '73196957902', 1, '2018-04-15 18:25:00', '0000-00-00 00:00:00'),
(20, 'V', 21028288, 'Roary', 'Cortez', '22', '12', '6', '1', '1907-02-07', '04494925347', '31464176012', 1, '2018-04-15 18:25:00', '0000-00-00 00:00:00'),
(21, 'V', 43679934, 'Imogene', 'Thomas', '1', '10', '2', '25', '1951-04-09', '28051681243', '91849361964', 1, '2018-04-15 18:25:00', '0000-00-00 00:00:00'),
(22, 'V', 20094307, 'Katelyn', 'Adams', '19', '25', '14', '21', '1999-07-06', '07981711953', '89856968433', 1, '2018-04-15 18:25:00', '0000-00-00 00:00:00'),
(23, 'V', 7051665, 'Carla', 'Haynes', '6', '6', '11', '11', '1976-10-16', '82658627275', '08843468557', 1, '2018-04-15 18:25:00', '0000-00-00 00:00:00'),
(24, 'V', 19909086, 'Virginia', 'Henderson', '19', '10', '25', '20', '1948-01-09', '64480774217', '97303778115', 1, '2018-04-15 18:25:00', '0000-00-00 00:00:00'),
(25, 'V', 43173695, 'Bruno', 'Patterson', '10', '3', '12', '13', '2006-07-02', '51018690549', '87846160488', 1, '2018-04-15 18:25:00', '0000-00-00 00:00:00'),
(26, 'V', 23682314, 'Keely', 'Barrera', '21', '20', '1', '16', '1984-02-29', '39635188701', '09058502113', 1, '2018-04-15 18:25:00', '0000-00-00 00:00:00'),
(27, 'V', 40285706, 'Yoshio', 'Osborne', '20', '25', '16', '11', '1914-06-07', '28614412166', '81314846443', 1, '2018-04-15 18:25:00', '0000-00-00 00:00:00'),
(28, 'V', 13510095, 'Daryl', 'Peters', '23', '4', '17', '2', '1961-06-11', '56299043158', '51870125345', 1, '2018-04-15 18:25:00', '0000-00-00 00:00:00'),
(29, 'V', 5550883, 'Hector', 'Hood', '19', '20', '18', '24', '1984-02-22', '44402484335', '41541138942', 1, '2018-04-15 18:25:00', '0000-00-00 00:00:00'),
(30, 'V', 46392889, 'Colt', 'Stokes', '15', '16', '5', '25', '1902-11-14', '64156648787', '10679625947', 1, '2018-04-15 18:25:00', '0000-00-00 00:00:00'),
(31, 'V', 43821251, 'Xenos', 'Strickland', '17', '22', '3', '20', '1966-12-14', '85723403717', '74515186059', 1, '2018-04-15 18:25:00', '0000-00-00 00:00:00'),
(32, 'V', 33956878, 'Summer', 'Mcintosh', '13', '25', '1', '5', '1992-05-08', '31127823083', '43357340094', 1, '2018-04-15 18:25:00', '0000-00-00 00:00:00'),
(33, 'V', 41607823, 'Warren', 'Burnett', '25', '24', '15', '24', '1962-09-24', '72947356315', '60573834063', 1, '2018-04-15 18:25:00', '0000-00-00 00:00:00'),
(34, 'V', 6053114, 'Jescie', 'Lang', '1', '20', '8', '17', '1990-01-20', '58547841378', '67808797699', 1, '2018-04-15 18:25:00', '0000-00-00 00:00:00'),
(35, 'V', 21618571, 'Jeremy', 'Rush', '23', '19', '2', '14', '2008-01-01', '36058776496', '19085779613', 1, '2018-04-15 18:25:00', '0000-00-00 00:00:00'),
(36, 'V', 15317010, 'Clark', 'Butler', '21', '9', '21', '22', '1936-08-08', '79136945660', '56727844906', 1, '2018-04-15 18:25:00', '0000-00-00 00:00:00'),
(37, 'V', 18704672, 'Helen', 'Whitney', '21', '11', '12', '3', '1954-05-31', '39510800342', '17245712126', 1, '2018-04-15 18:25:00', '0000-00-00 00:00:00'),
(38, 'V', 35851471, 'Brett', 'Simon', '12', '7', '10', '20', '2017-02-02', '94131835744', '71864191449', 1, '2018-04-15 18:25:00', '0000-00-00 00:00:00'),
(39, 'V', 34074604, 'Keefe', 'Mccoy', '22', '4', '1', '22', '1993-06-18', '29462925786', '31283001122', 1, '2018-04-15 18:25:00', '0000-00-00 00:00:00'),
(40, 'V', 37363329, 'Kevin', 'Henson', '13', '6', '5', '9', '1923-08-15', '75111866438', '95250741807', 1, '2018-04-15 18:25:00', '0000-00-00 00:00:00'),
(41, 'V', 39281109, 'Steel', 'Blanchard', '3', '18', '24', '25', '1946-12-26', '22107136834', '41200932111', 1, '2018-04-15 18:25:00', '0000-00-00 00:00:00'),
(42, 'V', 20530874, 'Katelyn', 'Blankenship', '19', '17', '16', '2', '2010-09-06', '74758559069', '12397808884', 1, '2018-04-15 18:25:00', '0000-00-00 00:00:00'),
(43, 'V', 25468368, 'Harriet', 'Sanders', '20', '11', '17', '20', '1971-07-03', '25197522220', '84594030651', 1, '2018-04-15 18:25:00', '0000-00-00 00:00:00'),
(44, 'V', 27395207, 'Lenore', 'Roberson', '23', '6', '12', '18', '1912-12-24', '60451967272', '81337797908', 1, '2018-04-15 18:25:00', '0000-00-00 00:00:00'),
(45, 'V', 50588931, 'Clare', 'Moses', '21', '19', '7', '22', '1994-11-09', '69328592130', '37347945383', 1, '2018-04-15 18:25:00', '0000-00-00 00:00:00'),
(46, 'V', 14890978, 'Kato', 'Trujillo', '5', '12', '20', '1', '1999-10-01', '17018546392', '00363478171', 1, '2018-04-15 18:25:00', '0000-00-00 00:00:00'),
(47, 'V', 36682524, 'Oscar', 'Mckenzie', '14', '1', '14', '15', '1904-03-29', '84814669413', '66997029318', 1, '2018-04-15 18:25:00', '0000-00-00 00:00:00'),
(48, 'V', 11689003, 'Macaulay', 'Bryan', '25', '18', '4', '3', '1985-05-15', '40046710804', '33377939444', 1, '2018-04-15 18:25:00', '0000-00-00 00:00:00'),
(49, 'V', 40400647, 'Lewis', 'Delgado', '6', '15', '18', '1', '1951-04-03', '49813087474', '67553658827', 1, '2018-04-15 18:25:00', '0000-00-00 00:00:00'),
(50, 'V', 38921894, 'Avram', 'Wong', '16', '2', '11', '3', '1937-10-14', '24753438008', '12899797162', 1, '2018-04-15 18:25:00', '0000-00-00 00:00:00'),
(51, 'V', 24322990, 'Xantha', 'Pittman', '18', '9', '3', '15', '1929-11-05', '20209409699', '96290633519', 1, '2018-04-15 18:25:00', '0000-00-00 00:00:00'),
(52, 'V', 13316812, 'Unity', 'Hebert', '23', '11', '2', '7', '1989-03-07', '91795655083', '52900381168', 1, '2018-04-15 18:25:00', '0000-00-00 00:00:00'),
(53, 'V', 20878948, 'Lee', 'Gaines', '14', '16', '2', '12', '1942-08-14', '12030955699', '83705402479', 1, '2018-04-15 18:25:00', '0000-00-00 00:00:00'),
(54, 'V', 14223104, 'Edward', 'Black', '14', '13', '2', '12', '1937-06-09', '58368499228', '50775402049', 1, '2018-04-15 18:25:00', '0000-00-00 00:00:00'),
(55, 'V', 34370445, 'Tyrone', 'Hayes', '10', '6', '24', '3', '1995-06-23', '09981123465', '28704191099', 1, '2018-04-15 18:25:00', '0000-00-00 00:00:00'),
(56, 'V', 40502167, 'Kaseem', 'Gallagher', '18', '2', '12', '19', '1904-10-14', '60185486190', '59011956208', 1, '2018-04-15 18:25:00', '0000-00-00 00:00:00'),
(57, 'V', 13993084, 'Colin', 'Mills', '15', '22', '10', '17', '1954-11-26', '91963161411', '08195384713', 1, '2018-04-15 18:25:00', '0000-00-00 00:00:00'),
(58, 'V', 40939490, 'Shelley', 'Kirkland', '16', '22', '11', '22', '2007-08-26', '25878074804', '27244379466', 1, '2018-04-15 18:25:00', '0000-00-00 00:00:00'),
(59, 'V', 9061372, 'Mallory', 'Neal', '24', '13', '13', '23', '1935-02-10', '42114454016', '60228984593', 1, '2018-04-15 18:25:00', '0000-00-00 00:00:00'),
(60, 'V', 34198057, 'Gloria', 'Skinner', '15', '12', '3', '4', '1908-04-07', '86165214939', '72173110309', 1, '2018-04-15 18:25:00', '0000-00-00 00:00:00'),
(61, 'V', 13154863, 'Elijah', 'Nash', '14', '24', '10', '25', '2015-11-30', '75673920248', '12529711859', 1, '2018-04-15 18:25:00', '0000-00-00 00:00:00'),
(62, 'V', 49337122, 'Hoyt', 'Dotson', '22', '4', '15', '24', '1982-07-21', '09723577912', '02142111353', 1, '2018-04-15 18:25:00', '0000-00-00 00:00:00'),
(63, 'V', 7742481, 'Fay', 'Rodgers', '17', '20', '2', '25', '1968-02-24', '48662699246', '99150630538', 1, '2018-04-15 18:25:00', '0000-00-00 00:00:00'),
(64, 'V', 20512736, 'Kaye', 'Tanner', '12', '12', '16', '5', '1990-04-21', '79098258660', '30239066437', 1, '2018-04-15 18:25:00', '0000-00-00 00:00:00'),
(65, 'V', 9948256, 'Hayfa', 'Morton', '8', '2', '6', '7', '1996-09-09', '69708187715', '62139453098', 1, '2018-04-15 18:25:00', '0000-00-00 00:00:00'),
(66, 'V', 11745027, 'Ulysses', 'Mays', '1', '8', '21', '10', '1947-04-24', '55475591515', '32101977641', 1, '2018-04-15 18:25:00', '0000-00-00 00:00:00'),
(67, 'V', 45146740, 'Kathleen', 'Gay', '19', '1', '11', '25', '2018-01-10', '61987953222', '69018782278', 1, '2018-04-15 18:25:00', '0000-00-00 00:00:00'),
(68, 'V', 25318567, 'Ferdinand', 'David', '14', '13', '21', '8', '1956-11-05', '27287307635', '97624048830', 1, '2018-04-15 18:25:00', '0000-00-00 00:00:00'),
(69, 'V', 39624742, 'Gay', 'Wright', '24', '24', '15', '19', '1980-02-28', '43292816528', '77229783151', 1, '2018-04-15 18:25:00', '0000-00-00 00:00:00'),
(70, 'V', 6286928, 'Hasad', 'Cabrera', '22', '19', '6', '25', '1999-01-16', '55031157497', '41794364187', 1, '2018-04-15 18:25:00', '0000-00-00 00:00:00'),
(71, 'V', 34400552, 'Beau', 'England', '21', '3', '9', '11', '2009-10-08', '79001531628', '20321803333', 1, '2018-04-15 18:25:00', '0000-00-00 00:00:00'),
(72, 'V', 30683501, 'Tamara', 'Medina', '20', '15', '3', '9', '1911-05-03', '65292441222', '69863034455', 1, '2018-04-15 18:25:00', '0000-00-00 00:00:00'),
(73, 'V', 33685181, 'Brynn', 'Barnett', '13', '21', '10', '2', '1944-05-24', '79135953657', '99467639789', 1, '2018-04-15 18:25:00', '0000-00-00 00:00:00'),
(74, 'V', 8957166, 'Zelda', 'Travis', '20', '25', '8', '24', '1901-06-10', '28351684321', '40165029661', 1, '2018-04-15 18:25:00', '0000-00-00 00:00:00'),
(75, 'V', 49144568, 'Kennedy', 'Sullivan', '19', '14', '4', '4', '1972-06-09', '31182739840', '13740236969', 1, '2018-04-15 18:25:00', '0000-00-00 00:00:00'),
(76, 'V', 50335313, 'Sawyer', 'Gomez', '8', '22', '9', '5', '1959-08-17', '37086622441', '21360498459', 1, '2018-04-15 18:25:00', '0000-00-00 00:00:00'),
(77, 'V', 19787204, 'Genevieve', 'Rogers', '7', '14', '3', '20', '1994-10-02', '81841382394', '70806890571', 1, '2018-04-15 18:25:00', '0000-00-00 00:00:00'),
(78, 'V', 44338863, 'Mallory', 'Hyde', '14', '20', '24', '25', '1990-03-14', '01714752266', '92017546586', 1, '2018-04-15 18:25:00', '0000-00-00 00:00:00'),
(79, 'V', 18618481, 'Jolie', 'Houston', '23', '18', '2', '21', '1937-12-29', '13120124296', '19354360896', 1, '2018-04-15 18:25:00', '0000-00-00 00:00:00'),
(80, 'V', 33443768, 'Rhoda', 'Joyce', '7', '5', '25', '5', '1922-06-05', '18463697303', '05426168678', 1, '2018-04-15 18:25:00', '0000-00-00 00:00:00'),
(81, 'V', 45108596, 'Aristotle', 'Hamilton', '20', '23', '16', '1', '1922-01-26', '69287605826', '15104742306', 1, '2018-04-15 18:25:00', '0000-00-00 00:00:00'),
(82, 'V', 39759947, 'Rana', 'Vaughan', '14', '23', '20', '9', '1978-12-20', '25159407228', '52273203576', 1, '2018-04-15 18:25:00', '0000-00-00 00:00:00'),
(83, 'V', 18822217, 'Vernon', 'Powell', '23', '21', '23', '25', '2016-02-23', '93114862891', '06701612425', 1, '2018-04-15 18:25:00', '0000-00-00 00:00:00'),
(84, 'V', 12338325, 'Jane', 'Long', '20', '18', '23', '22', '1993-06-29', '06600752650', '67377089017', 1, '2018-04-15 18:25:00', '0000-00-00 00:00:00'),
(85, 'V', 50654027, 'Hollee', 'Brown', '23', '17', '1', '14', '1943-11-05', '56063980299', '92104524403', 1, '2018-04-15 18:25:00', '0000-00-00 00:00:00'),
(86, 'V', 37227490, 'Ciara', 'Joyce', '9', '7', '15', '9', '1917-05-15', '98656408114', '58863171479', 1, '2018-04-15 18:25:00', '0000-00-00 00:00:00'),
(87, 'V', 38703156, 'Uriah', 'Woods', '4', '14', '24', '19', '1926-05-14', '61277934269', '59881645393', 1, '2018-04-15 18:25:00', '0000-00-00 00:00:00'),
(88, 'V', 8551025, 'Iona', 'Marks', '22', '10', '14', '5', '1942-05-08', '51656013519', '88207300842', 1, '2018-04-15 18:25:00', '0000-00-00 00:00:00'),
(89, 'V', 19122468, 'Charde', 'Wilcox', '19', '15', '3', '9', '1947-11-01', '73093459735', '13079704898', 1, '2018-04-15 18:25:00', '0000-00-00 00:00:00'),
(90, 'V', 11567021, 'Leah', 'Houston', '13', '5', '20', '3', '1905-05-13', '64745228224', '41224310639', 1, '2018-04-15 18:25:00', '0000-00-00 00:00:00'),
(91, 'V', 41335996, 'Lana', 'House', '25', '4', '25', '17', '1990-07-04', '57222937085', '27876246873', 1, '2018-04-15 18:25:00', '0000-00-00 00:00:00'),
(92, 'V', 16964949, 'Dane', 'Lott', '11', '1', '14', '1', '1925-06-10', '31384531952', '27241700062', 1, '2018-04-15 18:25:00', '0000-00-00 00:00:00'),
(93, 'V', 18252210, 'Leila', 'Scott', '2', '18', '13', '25', '1915-05-02', '84755054208', '73731532430', 1, '2018-04-15 18:25:00', '0000-00-00 00:00:00'),
(94, 'V', 12109480, 'Drew', 'Bolton', '23', '16', '11', '1', '1964-04-02', '12742832248', '04462722048', 1, '2018-04-15 18:25:00', '0000-00-00 00:00:00'),
(95, 'V', 46733705, 'Deanna', 'Barton', '19', '4', '14', '3', '2016-05-20', '85732796951', '69344487521', 1, '2018-04-15 18:25:00', '0000-00-00 00:00:00'),
(96, 'V', 31983648, 'Audrey', 'Horton', '5', '22', '6', '21', '1966-12-19', '73098667980', '07437491449', 1, '2018-04-15 18:25:00', '0000-00-00 00:00:00'),
(97, 'V', 34223736, 'Idona', 'Flowers', '24', '13', '7', '24', '1961-01-13', '89405271256', '71280218751', 1, '2018-04-15 18:25:00', '0000-00-00 00:00:00'),
(98, 'V', 8754616, 'Curran', 'Swanson', '17', '16', '4', '12', '2017-10-01', '54904061067', '41895978889', 1, '2018-04-15 18:25:00', '0000-00-00 00:00:00'),
(99, 'V', 50367827, 'Kaseem', 'Cole', '22', '7', '14', '14', '1906-09-13', '96808429537', '08147133311', 1, '2018-04-15 18:25:00', '0000-00-00 00:00:00'),
(100, 'V', 17973127, 'Nomlanga', 'Emerson', '16', '8', '2', '18', '1934-11-12', '70427356789', '24358103327', 1, '2018-04-15 18:25:00', '0000-00-00 00:00:00'),
(101, 'V', 28217618, 'Colt', 'Wyatt', '3', '12', '3', '8', '1965-08-06', '27501003854', '49044654031', 1, '2018-04-15 18:25:31', '0000-00-00 00:00:00'),
(102, 'V', 30303170, 'Maia', 'Porter', '3', '20', '11', '3', '1968-11-03', '25286394655', '66591560573', 1, '2018-04-15 18:25:31', '0000-00-00 00:00:00'),
(103, 'V', 50338940, 'Salvador', 'Jensen', '10', '10', '2', '12', '1990-08-15', '14216027479', '20458524104', 1, '2018-04-15 18:25:31', '0000-00-00 00:00:00'),
(104, 'V', 21502943, 'Sylvia', 'Buck', '3', '4', '16', '11', '2016-02-28', '44732108304', '18660792031', 1, '2018-04-15 18:25:31', '0000-00-00 00:00:00'),
(105, 'V', 6203392, 'Christine', 'Eaton', '22', '17', '19', '13', '1925-07-16', '74354992636', '18048883450', 1, '2018-04-15 18:25:31', '0000-00-00 00:00:00'),
(106, 'V', 47508283, 'Knox', 'Sweeney', '16', '9', '14', '11', '1906-04-05', '17598081234', '32319380423', 1, '2018-04-15 18:25:31', '0000-00-00 00:00:00'),
(107, 'V', 35676550, 'Mark', 'Bond', '4', '14', '19', '16', '1957-09-27', '84557671679', '87643853779', 1, '2018-04-15 18:25:31', '0000-00-00 00:00:00'),
(108, 'V', 9935918, 'Montana', 'Rodgers', '2', '17', '8', '2', '1920-03-26', '53341340566', '36398455827', 1, '2018-04-15 18:25:31', '0000-00-00 00:00:00'),
(109, 'V', 10140798, 'Halla', 'Durham', '22', '17', '23', '8', '1937-11-28', '91118219690', '87633007463', 1, '2018-04-15 18:25:31', '0000-00-00 00:00:00'),
(110, 'V', 8177647, 'Benedict', 'Lyons', '13', '25', '16', '13', '1961-10-14', '71825066149', '08607167053', 1, '2018-04-15 18:25:31', '0000-00-00 00:00:00'),
(111, 'V', 48442530, 'Quincy', 'Stein', '4', '13', '3', '16', '1943-05-12', '07627575580', '40731589666', 1, '2018-04-15 18:25:31', '0000-00-00 00:00:00'),
(112, 'V', 23712664, 'Amela', 'Massey', '4', '13', '8', '21', '1918-09-05', '89556414424', '34919576996', 1, '2018-04-15 18:25:31', '0000-00-00 00:00:00'),
(113, 'V', 42344296, 'Patricia', 'Rowe', '9', '21', '13', '25', '1953-12-25', '78306689527', '87467332972', 1, '2018-04-15 18:25:31', '0000-00-00 00:00:00'),
(114, 'V', 45182892, 'Hunter', 'Giles', '23', '10', '25', '4', '1959-04-03', '22129368662', '49950221672', 1, '2018-04-15 18:25:31', '0000-00-00 00:00:00'),
(115, 'V', 46677573, 'Declan', 'Roberson', '20', '24', '21', '9', '1988-03-23', '87700593719', '14578367773', 1, '2018-04-15 18:25:31', '0000-00-00 00:00:00'),
(116, 'V', 14773019, 'Nita', 'Church', '25', '20', '5', '10', '1975-02-02', '16232411778', '83202793960', 1, '2018-04-15 18:25:31', '0000-00-00 00:00:00'),
(117, 'V', 18506566, 'Bianca', 'Bates', '20', '13', '2', '11', '2017-07-04', '06151290777', '18749370503', 1, '2018-04-15 18:25:31', '0000-00-00 00:00:00'),
(118, 'V', 7231107, 'Dalton', 'Dickson', '19', '25', '16', '1', '1908-09-07', '52114099867', '41268719400', 1, '2018-04-15 18:25:31', '0000-00-00 00:00:00'),
(119, 'V', 13879671, 'Howard', 'Irwin', '20', '23', '22', '7', '2008-10-01', '20922836861', '24051440053', 1, '2018-04-15 18:25:31', '0000-00-00 00:00:00'),
(120, 'V', 47097312, 'Rashad', 'Hoffman', '3', '21', '5', '10', '1911-12-28', '62213334758', '18794067084', 1, '2018-04-15 18:25:31', '0000-00-00 00:00:00'),
(121, 'V', 14935542, 'Noah', 'Noble', '2', '24', '4', '16', '1913-10-25', '13603301661', '28068795428', 1, '2018-04-15 18:25:31', '0000-00-00 00:00:00'),
(122, 'V', 46216231, 'Brody', 'Allison', '23', '4', '20', '1', '1932-12-18', '43221951720', '49583921575', 1, '2018-04-15 18:25:31', '0000-00-00 00:00:00'),
(123, 'V', 43064867, 'Regina', 'Jensen', '13', '12', '9', '13', '1957-10-16', '82362123138', '19261561739', 1, '2018-04-15 18:25:31', '0000-00-00 00:00:00'),
(124, 'V', 10699776, 'Hunter', 'Lawson', '5', '7', '9', '23', '1992-01-13', '93507810902', '49846307694', 1, '2018-04-15 18:25:31', '0000-00-00 00:00:00'),
(125, 'V', 31320585, 'Kathleen', 'Case', '6', '16', '3', '15', '2008-05-29', '64272679386', '02948864533', 1, '2018-04-15 18:25:31', '0000-00-00 00:00:00'),
(126, 'V', 17604699, 'Reece', 'Scott', '21', '9', '18', '8', '1977-05-08', '00819244885', '82534380863', 1, '2018-04-15 18:25:31', '0000-00-00 00:00:00'),
(127, 'V', 43065592, 'Price', 'Fletcher', '15', '6', '10', '14', '2011-08-06', '31158644731', '11106870720', 1, '2018-04-15 18:25:31', '0000-00-00 00:00:00'),
(128, 'V', 7920306, 'Hunter', 'Baldwin', '22', '17', '6', '13', '1971-07-04', '39078455582', '92581665893', 1, '2018-04-15 18:25:31', '0000-00-00 00:00:00'),
(129, 'V', 41745267, 'Bruno', 'Mcfadden', '2', '15', '3', '8', '1905-01-27', '36019823372', '91992544467', 1, '2018-04-15 18:25:31', '0000-00-00 00:00:00'),
(130, 'V', 28144781, 'Brenden', 'Yang', '17', '18', '7', '15', '1961-07-15', '40633284902', '97850932080', 1, '2018-04-15 18:25:31', '0000-00-00 00:00:00'),
(131, 'V', 10040796, 'Hamish', 'Middleton', '6', '16', '25', '16', '1955-08-24', '96421294049', '95348841966', 1, '2018-04-15 18:25:31', '0000-00-00 00:00:00'),
(132, 'V', 28172758, 'Adam', 'Benson', '14', '20', '20', '23', '1922-03-15', '91645443471', '71366776865', 1, '2018-04-15 18:25:31', '0000-00-00 00:00:00'),
(133, 'V', 48462076, 'Plato', 'Joseph', '2', '15', '11', '25', '1995-12-29', '00964727939', '67479515847', 1, '2018-04-15 18:25:31', '0000-00-00 00:00:00'),
(134, 'V', 5630200, 'Clark', 'Delaney', '7', '5', '23', '4', '1961-03-05', '59008256793', '68212505301', 1, '2018-04-15 18:25:31', '0000-00-00 00:00:00'),
(135, 'V', 28769653, 'Lana', 'Valencia', '18', '19', '3', '6', '1914-09-05', '06557341564', '65198852448', 1, '2018-04-15 18:25:31', '0000-00-00 00:00:00'),
(136, 'V', 46312235, 'Leroy', 'Garcia', '21', '4', '11', '14', '1985-07-21', '59290942354', '90453322498', 1, '2018-04-15 18:25:31', '0000-00-00 00:00:00'),
(137, 'V', 15061904, 'Zeph', 'Rivers', '17', '17', '1', '23', '1976-07-18', '81996472025', '97763946581', 1, '2018-04-15 18:25:31', '0000-00-00 00:00:00'),
(138, 'V', 19774872, 'Abraham', 'Rosa', '11', '1', '20', '22', '1906-03-15', '17893850303', '96119773249', 1, '2018-04-15 18:25:31', '0000-00-00 00:00:00'),
(139, 'V', 44509433, 'Oprah', 'Lindsay', '12', '18', '15', '1', '1985-08-13', '08339185441', '52353882382', 1, '2018-04-15 18:25:31', '0000-00-00 00:00:00'),
(140, 'V', 35351677, 'Tatum', 'Thornton', '14', '15', '22', '25', '1986-06-16', '96108534287', '06917850134', 1, '2018-04-15 18:25:31', '0000-00-00 00:00:00'),
(141, 'V', 20845755, 'Katell', 'Kidd', '14', '4', '13', '24', '1981-07-17', '63214240879', '65572451479', 1, '2018-04-15 18:25:31', '0000-00-00 00:00:00'),
(142, 'V', 28888336, 'Carly', 'Manning', '18', '16', '11', '7', '1974-09-25', '47593378845', '41834720255', 1, '2018-04-15 18:25:31', '0000-00-00 00:00:00'),
(143, 'V', 9946697, 'Serena', 'Leon', '13', '5', '18', '9', '2004-10-12', '21355225451', '85228790737', 1, '2018-04-15 18:25:31', '0000-00-00 00:00:00'),
(144, 'V', 17448647, 'Aiko', 'Elliott', '16', '20', '7', '15', '1901-10-14', '64501022669', '35567662040', 1, '2018-04-15 18:25:31', '0000-00-00 00:00:00'),
(145, 'V', 38296380, 'Sigourney', 'Colon', '6', '13', '13', '20', '1980-05-19', '26002817108', '17261851712', 1, '2018-04-15 18:25:31', '0000-00-00 00:00:00'),
(146, 'V', 23140056, 'Wilma', 'Ferguson', '23', '10', '11', '5', '1968-06-10', '90521621468', '60341618022', 1, '2018-04-15 18:25:31', '0000-00-00 00:00:00'),
(147, 'V', 43730059, 'Otto', 'Burris', '1', '16', '25', '16', '1920-04-28', '95437207684', '52898846114', 1, '2018-04-15 18:25:31', '0000-00-00 00:00:00'),
(148, 'V', 5574842, 'Bernard', 'Reese', '6', '8', '21', '13', '1980-03-26', '93140262183', '69569075269', 1, '2018-04-15 18:25:31', '0000-00-00 00:00:00'),
(149, 'V', 36125603, 'Regan', 'Williams', '11', '13', '7', '8', '1968-10-23', '19373136616', '69457728181', 1, '2018-04-15 18:25:31', '0000-00-00 00:00:00'),
(150, 'V', 41169708, 'Unity', 'Whitley', '21', '2', '8', '18', '1987-12-12', '44746729391', '11542061787', 1, '2018-04-15 18:25:31', '0000-00-00 00:00:00'),
(151, 'V', 48585261, 'Amethyst', 'Frederick', '22', '25', '25', '12', '1962-09-03', '68827491546', '66631669392', 1, '2018-04-15 18:25:31', '0000-00-00 00:00:00'),
(152, 'V', 27350420, 'Chancellor', 'Page', '3', '21', '20', '22', '1918-10-20', '70334949957', '53244286886', 1, '2018-04-15 18:25:31', '0000-00-00 00:00:00'),
(153, 'V', 36710369, 'Sylvester', 'Hebert', '16', '15', '23', '20', '2000-03-30', '83984323817', '76357504689', 1, '2018-04-15 18:25:31', '0000-00-00 00:00:00'),
(154, 'V', 6443455, 'Yvonne', 'Campos', '14', '17', '19', '15', '1954-06-18', '02040244367', '67734267973', 1, '2018-04-15 18:25:31', '0000-00-00 00:00:00'),
(155, 'V', 14615191, 'Kellie', 'Osborn', '5', '14', '19', '16', '2001-06-20', '95323201300', '18506981104', 1, '2018-04-15 18:25:31', '0000-00-00 00:00:00'),
(156, 'V', 26024191, 'Violet', 'Nichols', '7', '15', '15', '20', '1969-09-22', '68274578326', '25611429591', 1, '2018-04-15 18:25:31', '0000-00-00 00:00:00'),
(157, 'V', 20030345, 'Catherine', 'Howard', '22', '15', '10', '9', '1941-03-28', '73196110614', '56185649874', 1, '2018-04-15 18:25:31', '0000-00-00 00:00:00'),
(158, 'V', 15316170, 'Maryam', 'Strong', '13', '15', '13', '3', '1938-07-09', '10051867990', '79362812679', 1, '2018-04-15 18:25:31', '0000-00-00 00:00:00'),
(159, 'V', 40409169, 'Dacey', 'Downs', '15', '19', '6', '4', '1980-10-04', '52835372040', '12811478380', 1, '2018-04-15 18:25:31', '0000-00-00 00:00:00'),
(160, 'V', 24241812, 'Valentine', 'Woods', '19', '22', '25', '2', '1932-05-23', '98452724341', '74902511050', 1, '2018-04-15 18:25:31', '0000-00-00 00:00:00'),
(161, 'V', 12960837, 'Henry', 'Kirby', '19', '16', '4', '12', '2017-02-17', '22718364095', '10086745975', 1, '2018-04-15 18:25:32', '0000-00-00 00:00:00'),
(162, 'V', 28889263, 'Clark', 'Hicks', '19', '2', '5', '10', '2011-06-20', '05172663844', '38558321541', 1, '2018-04-15 18:25:32', '0000-00-00 00:00:00'),
(163, 'V', 48011111, 'Autumn', 'Fernandez', '23', '11', '15', '24', '2013-10-26', '61254100156', '45976239622', 1, '2018-04-15 18:25:32', '0000-00-00 00:00:00'),
(164, 'V', 20415809, 'Ciaran', 'Cantrell', '4', '19', '4', '6', '1928-05-18', '17960163012', '55128995040', 1, '2018-04-15 18:25:32', '0000-00-00 00:00:00'),
(165, 'V', 32833504, 'Eve', 'Rios', '15', '12', '25', '11', '1997-10-07', '80094031464', '92186301764', 1, '2018-04-15 18:25:32', '0000-00-00 00:00:00'),
(166, 'V', 38967849, 'Henry', 'Pearson', '16', '20', '5', '15', '1998-12-22', '48345136393', '07290434613', 1, '2018-04-15 18:25:32', '0000-00-00 00:00:00'),
(167, 'V', 23100497, 'Hamilton', 'Terrell', '24', '1', '8', '10', '1910-10-12', '73050824699', '46412343579', 1, '2018-04-15 18:25:32', '0000-00-00 00:00:00'),
(168, 'V', 40741541, 'Brenda', 'Francis', '2', '16', '15', '7', '1933-12-18', '00767884577', '02884434831', 1, '2018-04-15 18:25:32', '0000-00-00 00:00:00'),
(169, 'V', 27423518, 'Gemma', 'Mccarty', '20', '8', '19', '10', '1997-01-07', '80954897621', '00715596033', 1, '2018-04-15 18:25:32', '0000-00-00 00:00:00'),
(170, 'V', 49826470, 'Jocelyn', 'Sloan', '17', '3', '15', '17', '1939-04-18', '15485107838', '14310879177', 1, '2018-04-15 18:25:32', '0000-00-00 00:00:00'),
(171, 'V', 33023715, 'Tucker', 'Mcfadden', '4', '21', '1', '8', '1943-03-16', '83753941217', '48291155639', 1, '2018-04-15 18:25:32', '0000-00-00 00:00:00'),
(172, 'V', 26240067, 'Dean', 'Noel', '13', '20', '3', '18', '1930-05-26', '74229582020', '55538546416', 1, '2018-04-15 18:25:32', '0000-00-00 00:00:00'),
(173, 'V', 17836844, 'Jerome', 'Newman', '5', '2', '16', '6', '2014-08-01', '30008478258', '02331798303', 1, '2018-04-15 18:25:32', '0000-00-00 00:00:00'),
(174, 'V', 30377391, 'Ella', 'Short', '15', '12', '6', '15', '1951-11-07', '08117318577', '63679480994', 1, '2018-04-15 18:25:32', '0000-00-00 00:00:00'),
(175, 'V', 31354261, 'Norman', 'Hunt', '24', '8', '23', '23', '1994-06-08', '21575326892', '32358002235', 1, '2018-04-15 18:25:32', '0000-00-00 00:00:00'),
(176, 'V', 12862281, 'Stacey', 'Yang', '25', '16', '7', '22', '1979-11-17', '98606102571', '96156661453', 1, '2018-04-15 18:25:32', '0000-00-00 00:00:00'),
(177, 'V', 32312982, 'Celeste', 'Robles', '17', '2', '6', '6', '2016-10-19', '33652489192', '19184473450', 1, '2018-04-15 18:25:32', '0000-00-00 00:00:00'),
(178, 'V', 20869586, 'Hayley', 'Webster', '24', '5', '3', '18', '1930-10-14', '27362493068', '05808754152', 1, '2018-04-15 18:25:32', '0000-00-00 00:00:00'),
(179, 'V', 17745184, 'Clarke', 'Allen', '2', '16', '19', '12', '1955-06-01', '63059353751', '74986635671', 1, '2018-04-15 18:25:32', '0000-00-00 00:00:00'),
(180, 'V', 17575668, 'Brielle', 'Tyler', '19', '10', '23', '4', '1912-01-19', '45215605786', '34302271606', 1, '2018-04-15 18:25:32', '0000-00-00 00:00:00'),
(181, 'V', 42392647, 'Quin', 'Howard', '19', '7', '21', '17', '1939-05-19', '57437497336', '42250200955', 1, '2018-04-15 18:25:32', '0000-00-00 00:00:00'),
(182, 'V', 8150922, 'Holly', 'Owens', '4', '7', '12', '2', '1905-09-13', '23165219649', '53745197675', 1, '2018-04-15 18:25:32', '0000-00-00 00:00:00'),
(183, 'V', 39439251, 'Ferris', 'Sharpe', '6', '17', '20', '14', '1970-09-17', '46790924400', '57642195752', 1, '2018-04-15 18:25:32', '0000-00-00 00:00:00'),
(184, 'V', 31283222, 'Remedios', 'Sims', '3', '16', '6', '15', '2003-09-13', '20232324607', '66315259567', 1, '2018-04-15 18:25:32', '0000-00-00 00:00:00'),
(185, 'V', 25395352, 'Rana', 'Burns', '10', '14', '1', '23', '1918-06-11', '32708223446', '45030762229', 1, '2018-04-15 18:25:32', '0000-00-00 00:00:00'),
(186, 'V', 32045114, 'Cleo', 'Shelton', '19', '25', '5', '10', '1959-05-24', '60228291941', '17256393984', 1, '2018-04-15 18:25:32', '0000-00-00 00:00:00'),
(187, 'V', 17907743, 'Nerea', 'Luna', '25', '1', '13', '18', '2016-08-19', '56836647706', '56933816107', 1, '2018-04-15 18:25:32', '0000-00-00 00:00:00'),
(188, 'V', 46492567, 'Sopoline', 'Mathews', '18', '25', '8', '14', '1993-08-04', '75217777960', '70994249061', 1, '2018-04-15 18:25:32', '0000-00-00 00:00:00'),
(189, 'V', 44702158, 'Katelyn', 'Rivera', '7', '16', '2', '25', '1939-03-07', '20535943332', '45661360716', 1, '2018-04-15 18:25:32', '0000-00-00 00:00:00'),
(190, 'V', 19255700, 'Haviva', 'William', '16', '20', '8', '22', '1945-11-25', '83457121444', '09946196973', 1, '2018-04-15 18:25:32', '0000-00-00 00:00:00'),
(191, 'V', 34645704, 'Cadman', 'Salas', '21', '15', '9', '19', '1935-04-26', '96859860857', '58387343758', 1, '2018-04-15 18:25:32', '0000-00-00 00:00:00'),
(192, 'V', 50554249, 'Venus', 'Bruce', '7', '19', '11', '1', '1970-12-25', '61089974029', '81388832506', 1, '2018-04-15 18:25:32', '0000-00-00 00:00:00'),
(193, 'V', 28854928, 'Yael', 'Becker', '24', '12', '2', '7', '1964-05-18', '76325470860', '29606628768', 1, '2018-04-15 18:25:32', '0000-00-00 00:00:00'),
(194, 'V', 11965347, 'Odysseus', 'Barron', '10', '11', '3', '8', '2002-12-06', '37748731343', '26040859523', 1, '2018-04-15 18:25:32', '0000-00-00 00:00:00'),
(195, 'V', 31605320, 'Dara', 'Mcfarland', '25', '24', '21', '17', '1953-05-02', '94326733569', '83077736185', 1, '2018-04-15 18:25:32', '0000-00-00 00:00:00'),
(196, 'V', 33434164, 'Nina', 'Solomon', '13', '5', '11', '8', '1965-05-24', '38195830375', '98189610023', 1, '2018-04-15 18:25:32', '0000-00-00 00:00:00'),
(197, 'V', 18678854, 'Amethyst', 'Allen', '7', '5', '23', '8', '2016-07-23', '16665094318', '92393747844', 1, '2018-04-15 18:25:32', '0000-00-00 00:00:00'),
(198, 'V', 8675914, 'Shoshana', 'Rowe', '4', '19', '9', '25', '1913-03-13', '82929864976', '60843930457', 1, '2018-04-15 18:25:32', '0000-00-00 00:00:00'),
(199, 'V', 26629694, 'Xandra', 'Barnett', '12', '1', '11', '3', '2018-03-22', '26729847494', '43023463460', 1, '2018-04-15 18:25:32', '0000-00-00 00:00:00'),
(200, 'V', 13667845, 'Brendan', 'Christian', '24', '3', '8', '15', '1913-05-19', '46677821062', '90860303146', 1, '2018-04-15 18:25:32', '0000-00-00 00:00:00'),
(201, 'V', 10622728, 'Darius', 'Gamble', '1', '25', '2', '13', '1912-01-09', '98902595451', '51680243462', 1, '2018-04-15 18:26:01', '0000-00-00 00:00:00'),
(202, 'V', 15622290, 'Aurelia', 'Andrews', '4', '4', '16', '14', '1970-11-26', '38484243142', '59181839499', 1, '2018-04-15 18:26:01', '0000-00-00 00:00:00'),
(203, 'V', 8062326, 'Vaughan', 'Franco', '23', '5', '10', '18', '2016-01-24', '38963377300', '96602267900', 1, '2018-04-15 18:26:01', '0000-00-00 00:00:00'),
(204, 'V', 42437624, 'Curran', 'Nieves', '2', '13', '5', '1', '2004-09-13', '01082098207', '24939657155', 1, '2018-04-15 18:26:01', '0000-00-00 00:00:00'),
(205, 'V', 22683213, 'Ian', 'Mcgowan', '3', '21', '8', '4', '1900-03-27', '23486461720', '47632444247', 1, '2018-04-15 18:26:01', '0000-00-00 00:00:00'),
(206, 'V', 25709324, 'Oscar', 'Wall', '24', '12', '7', '6', '1921-03-28', '06899986206', '83584234355', 1, '2018-04-15 18:26:01', '0000-00-00 00:00:00'),
(207, 'V', 20212360, 'Murphy', 'Luna', '22', '17', '2', '10', '1992-06-16', '97527245977', '12405094723', 1, '2018-04-15 18:26:01', '0000-00-00 00:00:00'),
(208, 'V', 35964116, 'Ivory', 'Shaffer', '12', '18', '19', '11', '1945-01-20', '00256342449', '79317074058', 1, '2018-04-15 18:26:01', '0000-00-00 00:00:00'),
(209, 'V', 14697947, 'Davis', 'Boyle', '8', '15', '2', '22', '1905-09-26', '72560603197', '60253227805', 1, '2018-04-15 18:26:01', '0000-00-00 00:00:00'),
(210, 'V', 5154739, 'Kerry', 'Shepherd', '8', '25', '17', '16', '1986-07-14', '10741402124', '55300938964', 1, '2018-04-15 18:26:01', '0000-00-00 00:00:00'),
(211, 'V', 12523999, 'Helen', 'Head', '11', '21', '11', '1', '2002-08-20', '91578769308', '87851420864', 1, '2018-04-15 18:26:01', '0000-00-00 00:00:00'),
(212, 'V', 48979899, 'Karen', 'Gould', '19', '5', '2', '2', '1915-07-19', '46127228371', '50302073968', 1, '2018-04-15 18:26:01', '0000-00-00 00:00:00'),
(213, 'V', 34936072, 'Tamekah', 'Franklin', '22', '7', '11', '16', '1978-10-14', '62357463161', '29851023992', 1, '2018-04-15 18:26:01', '0000-00-00 00:00:00'),
(214, 'V', 10361287, 'Elliott', 'Pate', '11', '3', '5', '10', '1922-05-15', '35006293404', '46721509058', 1, '2018-04-15 18:26:01', '0000-00-00 00:00:00'),
(215, 'V', 20092418, 'Anne', 'Holloway', '12', '5', '8', '19', '2012-06-19', '87508774233', '17699466169', 1, '2018-04-15 18:26:01', '0000-00-00 00:00:00'),
(216, 'V', 44898645, 'Jennifer', 'Barrera', '22', '25', '15', '5', '1909-01-16', '98154277118', '37209321965', 1, '2018-04-15 18:26:01', '0000-00-00 00:00:00'),
(217, 'V', 11394800, 'Tatyana', 'Sanchez', '14', '11', '15', '6', '2001-09-13', '48058988001', '85165428774', 1, '2018-04-15 18:26:01', '0000-00-00 00:00:00'),
(218, 'V', 47393377, 'Cole', 'Chambers', '25', '11', '24', '12', '1986-09-21', '25812787047', '90235707968', 1, '2018-04-15 18:26:01', '0000-00-00 00:00:00'),
(219, 'V', 40040234, 'Curran', 'Curry', '12', '3', '17', '4', '2003-05-03', '89174480803', '45809803254', 1, '2018-04-15 18:26:01', '0000-00-00 00:00:00'),
(220, 'V', 27109765, 'Julian', 'Randolph', '18', '24', '17', '21', '1999-02-15', '46563264389', '42238346778', 1, '2018-04-15 18:26:01', '0000-00-00 00:00:00'),
(221, 'V', 29489059, 'Lev', 'Brennan', '20', '17', '6', '21', '1982-09-14', '43021432249', '05309853568', 1, '2018-04-15 18:26:01', '0000-00-00 00:00:00'),
(222, 'V', 20299073, 'Nevada', 'Valentine', '11', '20', '20', '20', '1935-08-07', '01858789587', '72092472183', 1, '2018-04-15 18:26:01', '0000-00-00 00:00:00'),
(223, 'V', 35271171, 'Arsenio', 'Griffin', '9', '12', '17', '22', '1946-08-31', '78933053683', '46495363672', 1, '2018-04-15 18:26:01', '0000-00-00 00:00:00'),
(224, 'V', 50314931, 'Rhonda', 'Nguyen', '20', '11', '10', '16', '1960-07-14', '80827088614', '27137828512', 1, '2018-04-15 18:26:01', '0000-00-00 00:00:00'),
(225, 'V', 8500506, 'Olympia', 'Wagner', '18', '25', '5', '12', '1949-06-11', '78103910909', '54189808241', 1, '2018-04-15 18:26:01', '0000-00-00 00:00:00'),
(226, 'V', 18369430, 'Eaton', 'Calderon', '21', '11', '21', '15', '1935-08-12', '41385310520', '87234893298', 1, '2018-04-15 18:26:01', '0000-00-00 00:00:00'),
(227, 'V', 35069772, 'Chava', 'Glover', '1', '3', '10', '2', '2013-11-19', '00948553737', '85303614615', 1, '2018-04-15 18:26:01', '0000-00-00 00:00:00'),
(228, 'V', 18711911, 'Lawrence', 'Gomez', '5', '21', '18', '2', '1970-10-04', '55417817865', '98546967575', 1, '2018-04-15 18:26:01', '0000-00-00 00:00:00'),
(229, 'V', 16414669, 'Jana', 'Farrell', '14', '7', '5', '5', '1950-07-09', '55384411207', '53077180271', 1, '2018-04-15 18:26:01', '0000-00-00 00:00:00'),
(230, 'V', 33481181, 'Raya', 'Fleming', '2', '21', '19', '10', '1974-11-08', '78811959983', '16479151364', 1, '2018-04-15 18:26:01', '0000-00-00 00:00:00'),
(231, 'V', 17171562, 'Halee', 'Mccoy', '24', '8', '21', '14', '1926-02-01', '04091688588', '72619405002', 1, '2018-04-15 18:26:01', '0000-00-00 00:00:00'),
(232, 'V', 25544257, 'Gareth', 'Albert', '5', '19', '13', '9', '1954-12-05', '42878423905', '01880409669', 1, '2018-04-15 18:26:01', '0000-00-00 00:00:00'),
(233, 'V', 43343684, 'Michelle', 'Mendez', '3', '15', '21', '22', '1970-11-03', '84322148833', '24746640319', 1, '2018-04-15 18:26:01', '0000-00-00 00:00:00'),
(234, 'V', 47244642, 'Malcolm', 'Carney', '1', '10', '18', '7', '1991-01-14', '48888299139', '72047904227', 1, '2018-04-15 18:26:01', '0000-00-00 00:00:00'),
(235, 'V', 41923657, 'Talon', 'Stewart', '22', '24', '10', '11', '1965-03-05', '20517583704', '08092156303', 1, '2018-04-15 18:26:01', '0000-00-00 00:00:00'),
(236, 'V', 25304183, 'Macon', 'Donovan', '1', '18', '13', '15', '1972-10-28', '89650673978', '86089646856', 1, '2018-04-15 18:26:01', '0000-00-00 00:00:00'),
(237, 'V', 33971187, 'Boris', 'Dudley', '8', '9', '25', '3', '1954-08-26', '48321475732', '00351482052', 1, '2018-04-15 18:26:01', '0000-00-00 00:00:00'),
(238, 'V', 38021289, 'Laurel', 'Estes', '14', '19', '16', '4', '2011-01-24', '95881707370', '92071239386', 1, '2018-04-15 18:26:01', '0000-00-00 00:00:00'),
(239, 'V', 42528128, 'Melyssa', 'Hendrix', '10', '7', '4', '9', '1936-03-31', '33036928635', '32912804111', 1, '2018-04-15 18:26:01', '0000-00-00 00:00:00'),
(240, 'V', 21482786, 'Jescie', 'Giles', '25', '9', '11', '3', '1957-04-16', '77247300131', '93227909153', 1, '2018-04-15 18:26:01', '0000-00-00 00:00:00'),
(241, 'V', 32219025, 'Victoria', 'Rich', '22', '24', '15', '23', '1924-05-04', '01611454375', '09917299252', 1, '2018-04-15 18:26:01', '0000-00-00 00:00:00'),
(242, 'V', 39146631, 'Katelyn', 'Stanley', '25', '25', '7', '18', '1977-12-23', '36128390654', '88904367408', 1, '2018-04-15 18:26:01', '0000-00-00 00:00:00'),
(243, 'V', 17894595, 'Noah', 'Allen', '11', '24', '3', '3', '1917-12-01', '08390947991', '95517128711', 1, '2018-04-15 18:26:01', '0000-00-00 00:00:00'),
(244, 'V', 35931281, 'Whilemina', 'Fox', '16', '8', '4', '7', '1972-05-26', '97960579728', '93928708290', 1, '2018-04-15 18:26:01', '0000-00-00 00:00:00'),
(245, 'V', 44036156, 'Amethyst', 'Vega', '4', '7', '21', '8', '1994-03-29', '89758636850', '02730458051', 1, '2018-04-15 18:26:01', '0000-00-00 00:00:00'),
(246, 'V', 34848281, 'Paula', 'Rocha', '10', '25', '8', '14', '1969-05-29', '87862918427', '58522249423', 1, '2018-04-15 18:26:01', '0000-00-00 00:00:00'),
(247, 'V', 10379202, 'Kermit', 'Hull', '3', '22', '18', '10', '1999-01-03', '47097865804', '20764500741', 1, '2018-04-15 18:26:01', '0000-00-00 00:00:00'),
(248, 'V', 30849575, 'Upton', 'Meadows', '6', '3', '1', '10', '1917-06-08', '83121666486', '24961378774', 1, '2018-04-15 18:26:01', '0000-00-00 00:00:00'),
(249, 'V', 34853211, 'Malik', 'Beach', '24', '10', '18', '3', '2012-01-02', '27937302219', '88671606670', 1, '2018-04-15 18:26:01', '0000-00-00 00:00:00'),
(250, 'V', 34567374, 'Jocelyn', 'Cantu', '15', '20', '19', '4', '2003-01-07', '82457459578', '60275890362', 1, '2018-04-15 18:26:01', '0000-00-00 00:00:00'),
(251, 'V', 13201630, 'Steven', 'Mcintyre', '16', '15', '22', '6', '1914-06-28', '52511959546', '97372847571', 1, '2018-04-15 18:26:01', '0000-00-00 00:00:00'),
(252, 'V', 47360725, 'Elton', 'Mccarty', '3', '14', '24', '9', '1965-10-01', '01375709844', '15594052449', 1, '2018-04-15 18:26:01', '0000-00-00 00:00:00'),
(253, 'V', 25751707, 'Kimberley', 'Garcia', '5', '22', '15', '13', '1964-11-15', '97481147891', '30303697806', 1, '2018-04-15 18:26:01', '0000-00-00 00:00:00'),
(254, 'V', 29577953, 'Haley', 'Dorsey', '6', '12', '24', '25', '1904-07-12', '75917811651', '03414937390', 1, '2018-04-15 18:26:01', '0000-00-00 00:00:00'),
(255, 'V', 38831392, 'Madeson', 'Moody', '6', '1', '1', '2', '1985-08-28', '01639862032', '86394231161', 1, '2018-04-15 18:26:01', '0000-00-00 00:00:00'),
(256, 'V', 33657195, 'Yasir', 'Burns', '4', '18', '14', '21', '1904-10-04', '49131327545', '84833488578', 1, '2018-04-15 18:26:01', '0000-00-00 00:00:00'),
(257, 'V', 19617855, 'Carol', 'Kaufman', '16', '16', '1', '5', '1905-03-19', '00226726585', '30050344978', 1, '2018-04-15 18:26:01', '0000-00-00 00:00:00'),
(258, 'V', 5377369, 'Brendan', 'Robinson', '24', '19', '3', '18', '1996-03-14', '89323160683', '08765300445', 1, '2018-04-15 18:26:01', '0000-00-00 00:00:00'),
(259, 'V', 12364857, 'Jemima', 'Flynn', '21', '23', '2', '8', '1993-12-29', '05007842551', '93439156513', 1, '2018-04-15 18:26:01', '0000-00-00 00:00:00'),
(260, 'V', 22997920, 'Colin', 'Blevins', '18', '25', '1', '25', '2013-08-04', '22894672193', '38443583955', 1, '2018-04-15 18:26:01', '0000-00-00 00:00:00'),
(261, 'V', 42757959, 'Tarik', 'Lane', '20', '6', '2', '7', '1972-10-27', '43765287955', '51496979354', 1, '2018-04-15 18:26:02', '0000-00-00 00:00:00'),
(262, 'V', 16976271, 'Kylynn', 'Guerrero', '24', '22', '19', '10', '1953-02-11', '19066543514', '63136008728', 1, '2018-04-15 18:26:02', '0000-00-00 00:00:00'),
(263, 'V', 46419175, 'Nita', 'Gonzales', '6', '24', '20', '6', '2001-02-13', '77319597045', '23930454477', 1, '2018-04-15 18:26:02', '0000-00-00 00:00:00'),
(264, 'V', 23474173, 'Cecilia', 'Wyatt', '17', '5', '17', '7', '1966-02-14', '63919757678', '24721417659', 1, '2018-04-15 18:26:02', '0000-00-00 00:00:00'),
(265, 'V', 48233493, 'Yuli', 'Davenport', '6', '18', '8', '20', '1939-10-10', '38193814077', '93992664889', 1, '2018-04-15 18:26:02', '0000-00-00 00:00:00'),
(266, 'V', 12339513, 'Brenna', 'Hardy', '6', '8', '14', '25', '1971-10-27', '88152316871', '62850621955', 1, '2018-04-15 18:26:02', '0000-00-00 00:00:00'),
(267, 'V', 29548912, 'Gannon', 'Barrett', '9', '14', '12', '7', '1936-05-26', '10446274811', '23518199594', 1, '2018-04-15 18:26:02', '0000-00-00 00:00:00'),
(268, 'V', 49220002, 'Noble', 'Woodard', '2', '6', '1', '11', '1934-10-16', '18540263496', '58851040610', 1, '2018-04-15 18:26:02', '0000-00-00 00:00:00'),
(269, 'V', 10866357, 'Ignacia', 'Quinn', '6', '8', '21', '20', '1929-11-01', '30057611723', '74644590010', 1, '2018-04-15 18:26:02', '0000-00-00 00:00:00'),
(270, 'V', 8074114, 'Cedric', 'Martin', '10', '8', '13', '15', '1902-05-12', '88076421577', '21361940457', 1, '2018-04-15 18:26:02', '0000-00-00 00:00:00'),
(271, 'V', 5977760, 'Chantale', 'Church', '13', '6', '5', '17', '1976-02-12', '84756995822', '53614848179', 1, '2018-04-15 18:26:02', '0000-00-00 00:00:00'),
(272, 'V', 27834219, 'Leila', 'Woodward', '1', '21', '10', '3', '1993-08-05', '41830777060', '64716130276', 1, '2018-04-15 18:26:02', '0000-00-00 00:00:00'),
(273, 'V', 40097126, 'Melanie', 'Elliott', '21', '2', '23', '21', '1988-12-10', '02132309727', '00638827039', 1, '2018-04-15 18:26:02', '0000-00-00 00:00:00'),
(274, 'V', 40362695, 'Luke', 'Nolan', '6', '5', '18', '25', '1969-08-19', '10678740120', '19870247540', 1, '2018-04-15 18:26:02', '0000-00-00 00:00:00'),
(275, 'V', 41689168, 'Vera', 'Webster', '1', '10', '25', '3', '1933-12-18', '98516932766', '04227791118', 1, '2018-04-15 18:26:02', '0000-00-00 00:00:00'),
(276, 'V', 47915418, 'Griffin', 'Dejesus', '18', '5', '4', '6', '2015-11-18', '33668188928', '50995893186', 1, '2018-04-15 18:26:02', '0000-00-00 00:00:00'),
(277, 'V', 8050875, 'Nadine', 'Stanley', '13', '2', '24', '8', '1932-06-21', '68615641758', '32377615023', 1, '2018-04-15 18:26:02', '0000-00-00 00:00:00'),
(278, 'V', 9695129, 'Briar', 'Reid', '25', '14', '16', '6', '2017-09-26', '42375276271', '67640989143', 1, '2018-04-15 18:26:02', '0000-00-00 00:00:00'),
(279, 'V', 18254887, 'Germaine', 'Manning', '25', '10', '7', '1', '1900-05-17', '20002376448', '97109452263', 1, '2018-04-15 18:26:02', '0000-00-00 00:00:00'),
(280, 'V', 24176736, 'Whoopi', 'Mclaughlin', '18', '17', '24', '14', '1941-12-18', '66333771447', '69629734299', 1, '2018-04-15 18:26:02', '0000-00-00 00:00:00'),
(281, 'V', 34139763, 'Ian', 'Carlson', '18', '16', '21', '7', '1980-11-16', '30581107509', '70515564759', 1, '2018-04-15 18:26:02', '0000-00-00 00:00:00'),
(282, 'V', 29634224, 'Armando', 'Robertson', '15', '25', '6', '25', '1997-02-26', '66419501124', '80841557217', 1, '2018-04-15 18:26:02', '0000-00-00 00:00:00'),
(283, 'V', 45910509, 'Eaton', 'Daniels', '23', '16', '21', '18', '1955-10-01', '05877138154', '84371945753', 1, '2018-04-15 18:26:02', '0000-00-00 00:00:00'),
(284, 'V', 47031519, 'Berk', 'Chambers', '22', '17', '12', '13', '1998-12-25', '03593603629', '92516319657', 1, '2018-04-15 18:26:02', '0000-00-00 00:00:00'),
(285, 'V', 8728426, 'Anastasia', 'Rivers', '13', '20', '22', '24', '1904-11-20', '14274966490', '30215907765', 1, '2018-04-15 18:26:02', '0000-00-00 00:00:00'),
(286, 'V', 39917699, 'Aretha', 'Smith', '5', '2', '7', '25', '1933-08-01', '17031520588', '57105696146', 1, '2018-04-15 18:26:02', '0000-00-00 00:00:00'),
(287, 'V', 25642513, 'Carly', 'Barry', '18', '18', '1', '6', '1942-03-29', '88076345851', '98789067953', 1, '2018-04-15 18:26:02', '0000-00-00 00:00:00'),
(288, 'V', 34130115, 'Jerry', 'Vasquez', '23', '18', '4', '10', '1950-02-16', '93924917120', '44751106095', 1, '2018-04-15 18:26:02', '0000-00-00 00:00:00'),
(289, 'V', 15236863, 'Noelani', 'Berry', '2', '8', '25', '5', '2013-12-11', '18525106588', '03727891696', 1, '2018-04-15 18:26:02', '0000-00-00 00:00:00'),
(290, 'V', 29955138, 'Akeem', 'Edwards', '17', '22', '16', '4', '1922-06-15', '02029117976', '62915554104', 1, '2018-04-15 18:26:02', '0000-00-00 00:00:00'),
(291, 'V', 13882826, 'Nita', 'Hood', '9', '5', '3', '6', '1986-05-21', '23757359435', '95214984512', 1, '2018-04-15 18:26:02', '0000-00-00 00:00:00'),
(292, 'V', 9299740, 'Mara', 'Joseph', '8', '17', '6', '16', '1956-11-03', '53103843859', '68788807244', 1, '2018-04-15 18:26:02', '0000-00-00 00:00:00'),
(293, 'V', 26494117, 'Hollee', 'Thompson', '4', '13', '20', '16', '1967-02-13', '24340257067', '81439407661', 1, '2018-04-15 18:26:02', '0000-00-00 00:00:00'),
(294, 'V', 25223391, 'Irene', 'Duncan', '17', '18', '6', '8', '1993-04-01', '81278148764', '44233974146', 1, '2018-04-15 18:26:02', '0000-00-00 00:00:00'),
(295, 'V', 29662150, 'Indira', 'Cochran', '4', '21', '18', '10', '1941-04-03', '96530942986', '02028020895', 1, '2018-04-15 18:26:02', '0000-00-00 00:00:00'),
(296, 'V', 39630755, 'Craig', 'Bailey', '15', '20', '24', '9', '1911-07-17', '95311794925', '78841169158', 1, '2018-04-15 18:26:02', '0000-00-00 00:00:00'),
(297, 'V', 47592782, 'Gabriel', 'Cline', '7', '11', '25', '14', '1905-12-17', '12000669035', '31038665137', 1, '2018-04-15 18:26:02', '0000-00-00 00:00:00'),
(298, 'V', 47412257, 'Ali', 'Bradshaw', '22', '21', '9', '10', '2009-07-04', '11785214652', '82326240836', 1, '2018-04-15 18:26:02', '0000-00-00 00:00:00'),
(299, 'V', 22522222, 'Gregory', 'Gilbert', '5', '4', '11', '15', '1940-12-24', '88891217352', '92448808769', 1, '2018-04-15 18:26:02', '0000-00-00 00:00:00'),
(300, 'V', 22877147, 'Chadwick', 'Ferrell', '23', '2', '23', '17', '1911-09-29', '52900023104', '54553280202', 1, '2018-04-15 18:26:02', '0000-00-00 00:00:00'),
(301, 'V', 23574756, 'carmelo', 'restivo', '05', '4', '7', '3', '1995-08-28', '04245641364', '02542325071', 1, '2018-04-16 12:32:25', '2018-04-16 12:32:25'),
(302, 'V', 21301059, 'ANTHONY', 'MEDINA', '11', '12', '12', '10', '1993-10-20', '04263575468', '02547832244', 1, '2018-04-17 11:38:36', '2018-04-17 11:38:36');

-- --------------------------------------------------------

--
-- Estructura de tabla para la tabla `oauth_access_tokens`
--

CREATE TABLE IF NOT EXISTS `oauth_access_tokens` (
  `id` varchar(100) COLLATE utf8mb4_unicode_ci NOT NULL,
  `user_id` int(11) DEFAULT NULL,
  `client_id` int(11) NOT NULL,
  `name` varchar(255) COLLATE utf8mb4_unicode_ci DEFAULT NULL,
  `scopes` text COLLATE utf8mb4_unicode_ci,
  `revoked` tinyint(1) NOT NULL,
  `created_at` timestamp NULL DEFAULT NULL,
  `updated_at` timestamp NULL DEFAULT NULL,
  `expires_at` datetime DEFAULT NULL,
  PRIMARY KEY (`id`),
  KEY `oauth_access_tokens_user_id_index` (`user_id`)
) ENGINE=InnoDB DEFAULT CHARSET=utf8mb4 COLLATE=utf8mb4_unicode_ci;

--
-- Volcado de datos para la tabla `oauth_access_tokens`
--

INSERT INTO `oauth_access_tokens` (`id`, `user_id`, `client_id`, `name`, `scopes`, `revoked`, `created_at`, `updated_at`, `expires_at`) VALUES
('13af44491e67070cc754e575dd76747a60e055772f768e8f3082e32037715805d5f967cd2efb5f31', 4, 5, 'MyApp', '[]', 0, '2018-03-29 00:07:07', '2018-03-29 00:07:07', '2019-03-28 20:07:07'),
('15c1127806241d53370bf0f30239a25f18559561f881af72568406fefe60dc999aa5d325dec3ed1f', 4, 5, 'MyApp', '[]', 0, '2018-03-28 23:15:12', '2018-03-28 23:15:12', '2019-03-28 19:15:12'),
('1e86c4f0c57626853b22324656ad791d3fc83506285be34c86d36334567fd5f526a118995ef8af16', 4, 5, 'MyApp', '[]', 0, '2018-03-29 00:10:56', '2018-03-29 00:10:56', '2019-03-28 20:10:56'),
('2629dc1b629e52816b857f9ea8e610680e6623c9b87917572e344c04c1d8ca05d870d95021930509', 4, 5, 'MyApp', '[]', 0, '2018-04-08 20:37:41', '2018-04-08 20:37:41', '2019-04-08 16:37:41'),
('298c918c894c522e85324b59c4de26195d90ffd8e6e17c63c97d7de1027b779d36b0ec18767d8ae3', 4, 5, 'MyApp', '[]', 0, '2018-04-16 12:52:23', '2018-04-16 12:52:23', '2019-04-16 08:52:23'),
('2e59cb49488876ddb77eba585b6dad04ea511c1e238c03999977b669177b26b084e18c2d1a1fce2d', 4, 5, 'MyApp', '[]', 0, '2018-03-29 00:14:44', '2018-03-29 00:14:44', '2019-03-28 20:14:44'),
('322191f7d2f908ebaf5ed606ee56b40e61a138cf053e12f3193e0c4306c14f9fddaf06fafe19f32b', 4, 5, 'MyApp', '[]', 0, '2018-04-09 14:16:35', '2018-04-09 14:16:35', '2019-04-09 10:16:35'),
('3423b88762ef503c38680a8543cb343e48124eb9bcb1baddbcaf006e632a1ece37c3937e72c023fc', 4, 5, 'MyApp', '[]', 0, '2018-03-29 00:10:18', '2018-03-29 00:10:18', '2019-03-28 20:10:18'),
('3829399b212644344a347044a4d0bec44e309793c561668fac933764c6c7f67b51162099b4d09e98', 4, 5, 'MyApp', '[]', 0, '2018-03-29 00:10:58', '2018-03-29 00:10:58', '2019-03-28 20:10:58'),
('38a9bf7f65dcbea32397bae4b0f13987d4c266626dab7d9cefc273fab77fad33818ac4ee79c96b30', 4, 5, 'MyApp', '[]', 0, '2018-04-15 13:19:48', '2018-04-15 13:19:48', '2019-04-15 09:19:48'),
('39082533cf694efb7c9f42466d88f2936583080b8c9dc2dc3ea57ff2bc1277e2b59695f96ed9497b', 4, 5, 'MyApp', '[]', 0, '2018-04-15 16:10:15', '2018-04-15 16:10:15', '2019-04-15 12:10:15'),
('391568e80c8566f8c1ff17252ad8af963fe50d0dce86fdd06d5f862f18e18715c440242f29c64959', 4, 5, 'MyApp', '[]', 0, '2018-04-07 00:03:29', '2018-04-07 00:03:29', '2019-04-06 20:03:29'),
('3ada67ce1aa817bfb4833118b53746f46b68ce296e30689dc78cea4ee4f026081d0d33f31abe520d', 4, 5, 'MyApp', '[]', 0, '2018-04-17 11:31:05', '2018-04-17 11:31:05', '2019-04-17 07:31:05'),
('3f61fea48ac60379a467a6beee7979fc9e9cc5f8000a58e13b2d29a6b0b0da7b7b868129d7b50d22', 4, 5, 'MyApp', '[]', 0, '2018-04-17 13:03:01', '2018-04-17 13:03:01', '2019-04-17 09:03:01'),
('46c5894e05fc0c47798ac25b4eccf7d7d43668811480d0c5ec13077d8e3a2a50005e175f7ac55bad', 4, 5, 'MyApp', '[]', 0, '2018-03-29 00:09:19', '2018-03-29 00:09:19', '2019-03-28 20:09:19'),
('46e7452a57560c835126c61f65a4693142a5bedf894c3d54e45d512c86461fbaf9a0b25ece47d552', 4, 5, 'MyApp', '[]', 0, '2018-04-06 23:15:10', '2018-04-06 23:15:10', '2019-04-06 19:15:10'),
('4ccd9856b82820b13842baf3a64ce74060dff6143edf1c3be0d75c2b4123bca396fc2a828cdfe599', 4, 5, 'MyApp', '[]', 0, '2018-03-28 23:52:46', '2018-03-28 23:52:46', '2019-03-28 19:52:46'),
('5228410750ebb1887057d06d6f0a28b26311766119c8c96b14a4f58640dcd4b8a878ccd4a776c8ce', 4, 5, 'MyApp', '[]', 0, '2018-03-29 00:07:22', '2018-03-29 00:07:22', '2019-03-28 20:07:22'),
('54fcd3c23949895f691a0b8e147aa382f7bad58661b48add92c7e9bd25332cd22b8089b57de4a48e', 4, 5, 'MyApp', '[]', 0, '2018-04-16 21:12:44', '2018-04-16 21:12:44', '2019-04-16 17:12:44'),
('5e53b14e03eefecf7068ed4d64ec44a03afaf999d52e77d723fddc126d0014a428519b6aac141f27', 4, 5, 'MyApp', '[]', 0, '2018-04-15 13:21:19', '2018-04-15 13:21:19', '2019-04-15 09:21:19'),
('607ab7959af61afce9f3929023234cc0f1c4da88bad1c7a825fac3d824c4014fe0f1fbf54be4a358', 4, 5, 'MyApp', '[]', 0, '2018-04-07 02:10:37', '2018-04-07 02:10:37', '2019-04-06 22:10:37'),
('6101612db613c733f00e956290ad00d65a1bbce09edb373ed2bbf5a36543daef78c15fe30ada8a24', 4, 5, 'MyApp', '[]', 0, '2018-03-29 00:47:33', '2018-03-29 00:47:33', '2019-03-28 20:47:33'),
('6d8edba4b6777f40f74dd5e41e780df408914dc0ea0f7a69bee5cd8e3de29096c3cb69a1bc73ab65', 4, 5, 'MyApp', '[]', 0, '2018-03-28 23:18:36', '2018-03-28 23:18:36', '2019-03-28 19:18:36'),
('78efde9762532b3933a6c6653364ee8db306b62138c83e59510ffadb17f5f3f646db7b9c11a8ebe1', 4, 5, 'MyApp', '[]', 0, '2018-04-07 03:52:32', '2018-04-07 03:52:32', '2019-04-06 23:52:32'),
('79910ee48aafa287ff996246f95ef58a1b1060e0fccebbef6fb91691e3dbab622ec2c5a0f795b6e1', 4, 5, 'MyApp', '[]', 0, '2018-04-06 23:59:41', '2018-04-06 23:59:41', '2019-04-06 19:59:41'),
('922c0d2404a30456124a433c80837f4388af3cc046a4588a1b81c848df2463f081a6a652a7aec804', 4, 5, 'MyApp', '[]', 0, '2018-04-15 13:11:31', '2018-04-15 13:11:31', '2019-04-15 09:11:31'),
('97050a6ba275d375437518b168814160732ca0c174f3617a379edd53cc098deedcdf6d296763a4db', 4, 5, 'MyApp', '[]', 0, '2018-04-16 12:07:55', '2018-04-16 12:07:55', '2019-04-16 08:07:55'),
('9d2a437f51aa99ea7cedde3ac67a3161ebf63e3431e7a7e2820a5c38c010d239fa5e1b768efaaddd', 4, 5, 'MyApp', '[]', 0, '2018-04-17 11:44:40', '2018-04-17 11:44:40', '2019-04-17 07:44:40'),
('a05fc4828b53624c03acca2735ded842f60f5719320ad331d70174ef838f22d61d1d3813641aae44', 4, 5, 'MyApp', '[]', 0, '2018-04-09 14:30:27', '2018-04-09 14:30:27', '2019-04-09 10:30:27'),
('a37b969ddee0aca3308eeebeddba9a1d47eec27ad03416839166f0db75c97bd1917e2763f899a60a', 4, 5, 'MyApp', '[]', 0, '2018-04-16 12:44:23', '2018-04-16 12:44:23', '2019-04-16 08:44:23'),
('adc6ac56e5e3b9fee39cdfd6d937cd6277ce76035172fd8a75655ccb1549edfe28f124457d211e76', 4, 5, 'MyApp', '[]', 0, '2018-04-16 12:49:06', '2018-04-16 12:49:06', '2019-04-16 08:49:06'),
('b12ababf2490bfacf08dce3daf1a3b1b5f000051b8a31ee70ca6e8b3bfd2cd22e43927cb00a1bea9', 4, 5, 'MyApp', '[]', 0, '2018-03-29 00:10:08', '2018-03-29 00:10:08', '2019-03-28 20:10:08'),
('c906c0c36768f45b9d69b9cb2c9434629f649eb014340513680b0b3d56e5f219ae32a11b185315d6', 4, 5, 'MyApp', '[]', 0, '2018-04-16 13:00:34', '2018-04-16 13:00:34', '2019-04-16 09:00:34'),
('ca2cfd5d3714c6dee0577734af7b7c83b7ec8f68a5e86e82c49fcbba882bc57ab674e2eba9c6abbc', 4, 5, 'MyApp', '[]', 0, '2018-03-29 00:10:06', '2018-03-29 00:10:06', '2019-03-28 20:10:06'),
('cd7896a9103a50a4dd8dafc629122edc9b5d411101830fb7983706091b189aa580b0303707797cdb', 4, 5, 'MyApp', '[]', 0, '2018-04-17 11:31:06', '2018-04-17 11:31:06', '2019-04-17 07:31:06'),
('d76ba23041e0186046adfae4aa233d83f7ab32a41a707b765655357f31f9d5d3e98e98079bed45a4', 4, 5, 'MyApp', '[]', 0, '2018-03-29 00:13:11', '2018-03-29 00:13:11', '2019-03-28 20:13:11'),
('d770e0c57c77de8e5a057e6e812f4f2418abd7eb9872c8c1d533dc5d92c41e752a8a84085aa25a58', 4, 5, 'MyApp', '[]', 0, '2018-04-07 01:03:33', '2018-04-07 01:03:33', '2019-04-06 21:03:33'),
('d9eb4d7a19808be765a6c89b1a32215590a47134634099969fa7438a16552421b1681cc4df6d9f1c', 4, 5, 'MyApp', '[]', 0, '2018-04-17 11:42:35', '2018-04-17 11:42:35', '2019-04-17 07:42:35'),
('dc2e0764a5aa49f2df62169d4b46955f184299b99da3cfe9e688023bb72f5b0871042dc94a25fe38', 4, 5, 'MyApp', '[]', 0, '2018-04-15 15:33:58', '2018-04-15 15:33:58', '2019-04-15 11:33:58'),
('dd97eb89315a0a12c5354f79019ef90210c6b2c295b2d8a32ebbf8b692b434f09fd897b952467717', 4, 5, 'MyApp', '[]', 0, '2018-04-07 04:15:56', '2018-04-07 04:15:56', '2019-04-07 00:15:56'),
('e00bcbe89541e70b2e1a4823ce86c8e661b550bbb04c6256b888c6998513ac69646d543acdbec725', 4, 5, 'MyApp', '[]', 0, '2018-04-15 13:17:56', '2018-04-15 13:17:56', '2019-04-15 09:17:56'),
('e363f430a7b8e8827815d5b658fc3093d0392f2485f9d4b4a591f2a29fcf9eea4bdf1b80c34c107a', 4, 5, 'MyApp', '[]', 0, '2018-03-29 00:11:43', '2018-03-29 00:11:43', '2019-03-28 20:11:43'),
('e8221df2b9ece39d6601b81d93efef297402c2ca5285a89d896aa8fc74846a9fb1df14587ea497f4', 4, 5, 'MyApp', '[]', 0, '2018-04-08 21:08:06', '2018-04-08 21:08:06', '2019-04-08 17:08:06'),
('ecf52a98e15907382457b0bc1c7e6e8d3fcd4c2bad4da15af21a20958b52084fdb7d485f28f9eae3', 4, 5, 'MyApp', '[]', 0, '2018-04-07 00:30:36', '2018-04-07 00:30:36', '2019-04-06 20:30:36'),
('f1f5ee6655fbdbb9e12841c064b0f54acd1eb57443a50be5368844495a3a7d7ee8ec3c82f5ada768', 4, 5, 'MyApp', '[]', 0, '2018-04-06 23:14:47', '2018-04-06 23:14:47', '2019-04-06 19:14:47'),
('f3dec0aea322df36a79aa7a4188c54132bde66a146c9279b6abc80ec3079956a49883986b2db2601', 4, 5, 'MyApp', '[]', 0, '2018-04-15 14:16:09', '2018-04-15 14:16:09', '2019-04-15 10:16:09');

-- --------------------------------------------------------

--
-- Estructura de tabla para la tabla `oauth_auth_codes`
--

CREATE TABLE IF NOT EXISTS `oauth_auth_codes` (
  `id` varchar(100) COLLATE utf8mb4_unicode_ci NOT NULL,
  `user_id` int(11) NOT NULL,
  `client_id` int(11) NOT NULL,
  `scopes` text COLLATE utf8mb4_unicode_ci,
  `revoked` tinyint(1) NOT NULL,
  `expires_at` datetime DEFAULT NULL,
  PRIMARY KEY (`id`)
) ENGINE=InnoDB DEFAULT CHARSET=utf8mb4 COLLATE=utf8mb4_unicode_ci;

-- --------------------------------------------------------

--
-- Estructura de tabla para la tabla `oauth_clients`
--

CREATE TABLE IF NOT EXISTS `oauth_clients` (
  `id` int(10) unsigned NOT NULL AUTO_INCREMENT,
  `user_id` int(11) DEFAULT NULL,
  `name` varchar(255) COLLATE utf8mb4_unicode_ci NOT NULL,
  `secret` varchar(100) COLLATE utf8mb4_unicode_ci NOT NULL,
  `redirect` text COLLATE utf8mb4_unicode_ci NOT NULL,
  `personal_access_client` tinyint(1) NOT NULL,
  `password_client` tinyint(1) NOT NULL,
  `revoked` tinyint(1) NOT NULL,
  `created_at` timestamp NULL DEFAULT NULL,
  `updated_at` timestamp NULL DEFAULT NULL,
  PRIMARY KEY (`id`),
  KEY `oauth_clients_user_id_index` (`user_id`)
) ENGINE=InnoDB  DEFAULT CHARSET=utf8mb4 COLLATE=utf8mb4_unicode_ci AUTO_INCREMENT=7 ;

--
-- Volcado de datos para la tabla `oauth_clients`
--

INSERT INTO `oauth_clients` (`id`, `user_id`, `name`, `secret`, `redirect`, `personal_access_client`, `password_client`, `revoked`, `created_at`, `updated_at`) VALUES
(1, NULL, 'Laravel Personal Access Client', 'XbDG36L2iGqP9Pa5FEyDzYiFKZJOjdsohWhvx5Hx', 'http://localhost', 1, 0, 0, '2018-01-23 11:20:42', '2018-01-23 11:20:42'),
(2, NULL, 'Laravel Password Grant Client', 'BNBvHqadTObkuYmwdlhbEl8fBryTGV04mvUgKmct', 'http://localhost', 0, 1, 0, '2018-01-23 11:20:42', '2018-01-23 11:20:42'),
(3, NULL, 'Laravel Personal Access Client', 'tFXjXrpxoum4k0krg7Oupf4Y0iWMTAauZo7XcwZa', 'http://localhost', 1, 0, 0, '2018-01-23 11:20:59', '2018-01-23 11:20:59'),
(4, NULL, 'Laravel Password Grant Client', 'EynLyvr5Lt4raE53et8gVvNgCkqZYXPquCFAge0l', 'http://localhost', 0, 1, 0, '2018-01-23 11:20:59', '2018-01-23 11:20:59'),
(5, NULL, 'Laravel Personal Access Client', 'fQY1U1pQcygUAmJU695CV2qtjusL2NY2Un8VjmIt', 'http://localhost', 1, 0, 0, '2018-03-28 23:14:44', '2018-03-28 23:14:44'),
(6, NULL, 'Laravel Password Grant Client', '0QziAD6y3Eq9ovvyH4vJbbHrp06yHKthAX8g6nSb', 'http://localhost', 0, 1, 0, '2018-03-28 23:14:44', '2018-03-28 23:14:44');

-- --------------------------------------------------------

--
-- Estructura de tabla para la tabla `oauth_personal_access_clients`
--

CREATE TABLE IF NOT EXISTS `oauth_personal_access_clients` (
  `id` int(10) unsigned NOT NULL AUTO_INCREMENT,
  `client_id` int(11) NOT NULL,
  `created_at` timestamp NULL DEFAULT NULL,
  `updated_at` timestamp NULL DEFAULT NULL,
  PRIMARY KEY (`id`),
  KEY `oauth_personal_access_clients_client_id_index` (`client_id`)
) ENGINE=InnoDB  DEFAULT CHARSET=utf8mb4 COLLATE=utf8mb4_unicode_ci AUTO_INCREMENT=4 ;

--
-- Volcado de datos para la tabla `oauth_personal_access_clients`
--

INSERT INTO `oauth_personal_access_clients` (`id`, `client_id`, `created_at`, `updated_at`) VALUES
(3, 5, '2018-03-28 23:14:44', '2018-03-28 23:14:44');

-- --------------------------------------------------------

--
-- Estructura de tabla para la tabla `oauth_refresh_tokens`
--

CREATE TABLE IF NOT EXISTS `oauth_refresh_tokens` (
  `id` varchar(100) COLLATE utf8mb4_unicode_ci NOT NULL,
  `access_token_id` varchar(100) COLLATE utf8mb4_unicode_ci NOT NULL,
  `revoked` tinyint(1) NOT NULL,
  `expires_at` datetime DEFAULT NULL,
  PRIMARY KEY (`id`),
  KEY `oauth_refresh_tokens_access_token_id_index` (`access_token_id`)
) ENGINE=InnoDB DEFAULT CHARSET=utf8mb4 COLLATE=utf8mb4_unicode_ci;

-- --------------------------------------------------------

--
-- Estructura de tabla para la tabla `participacions`
--

CREATE TABLE IF NOT EXISTS `participacions` (
  `id` bigint(20) NOT NULL AUTO_INCREMENT,
  `id_habitante` bigint(20) NOT NULL,
  `id_periodo` bigint(20) NOT NULL,
  `created_at` timestamp NULL DEFAULT NULL,
  `updated_at` timestamp NULL DEFAULT NULL,
  PRIMARY KEY (`id`),
  UNIQUE KEY `id_habitante` (`id_habitante`,`id_periodo`)
) ENGINE=InnoDB DEFAULT CHARSET=latin1 AUTO_INCREMENT=1 ;

-- --------------------------------------------------------

--
-- Estructura de tabla para la tabla `password_resets`
--

CREATE TABLE IF NOT EXISTS `password_resets` (
  `email` varchar(255) COLLATE utf8mb4_unicode_ci NOT NULL,
  `token` varchar(255) COLLATE utf8mb4_unicode_ci NOT NULL,
  `created_at` timestamp NULL DEFAULT NULL,
  KEY `password_resets_email_index` (`email`(191))
) ENGINE=InnoDB DEFAULT CHARSET=utf8mb4 COLLATE=utf8mb4_unicode_ci;

-- --------------------------------------------------------

--
-- Estructura de tabla para la tabla `periodos`
--

CREATE TABLE IF NOT EXISTS `periodos` (
  `id` int(11) NOT NULL AUTO_INCREMENT,
  `guid` varchar(32) NOT NULL,
  `fecha` date NOT NULL,
  `id_eleccion` bigint(20) NOT NULL,
  `activo` tinyint(1) NOT NULL DEFAULT '0',
  `realizado` tinyint(1) DEFAULT '0',
  `created_at` timestamp NULL DEFAULT NULL,
  `updated_at` timestamp NULL DEFAULT NULL,
  PRIMARY KEY (`id`),
  UNIQUE KEY `guid` (`guid`),
  UNIQUE KEY `fecha` (`fecha`)
) ENGINE=InnoDB  DEFAULT CHARSET=latin1 AUTO_INCREMENT=6 ;

--
-- Volcado de datos para la tabla `periodos`
--

INSERT INTO `periodos` (`id`, `guid`, `fecha`, `id_eleccion`, `activo`, `realizado`, `created_at`, `updated_at`) VALUES
(4, '03ijL2p8tTZTSE0zKCYx1MPBgnQ2ltZZ', '2018-04-17', 1, 0, 0, '2018-04-16 12:43:24', '2018-04-17 11:40:47'),
(5, 'SK1gbv7PvTp9HUY4GGwKpnmffQ4JuN8o', '2018-04-18', 2, 0, 0, '2018-04-17 14:23:06', '2018-04-17 14:23:06');

-- --------------------------------------------------------

--
-- Estructura de tabla para la tabla `responses`
--

CREATE TABLE IF NOT EXISTS `responses` (
  `id` int(11) NOT NULL AUTO_INCREMENT,
  `response` longtext COLLATE utf8mb4_unicode_ci NOT NULL,
  `pattern_id` int(11) NOT NULL,
  `created_at` timestamp NULL DEFAULT NULL,
  `updated_at` timestamp NULL DEFAULT NULL,
  PRIMARY KEY (`id`),
  KEY `responses_pattern_id_foreign` (`pattern_id`)
) ENGINE=InnoDB DEFAULT CHARSET=utf8mb4 COLLATE=utf8mb4_unicode_ci AUTO_INCREMENT=1 ;

-- --------------------------------------------------------

--
-- Estructura de tabla para la tabla `users`
--

CREATE TABLE IF NOT EXISTS `users` (
  `id` int(11) NOT NULL AUTO_INCREMENT,
  `name` varchar(255) COLLATE utf8mb4_unicode_ci DEFAULT NULL,
  `email` varchar(100) COLLATE utf8mb4_unicode_ci NOT NULL,
  `password` varchar(255) COLLATE utf8mb4_unicode_ci NOT NULL,
  `remember_token` varchar(100) COLLATE utf8mb4_unicode_ci DEFAULT NULL,
  `created_at` timestamp NULL DEFAULT NULL,
  `updated_at` timestamp NULL DEFAULT NULL,
  PRIMARY KEY (`id`),
  UNIQUE KEY `users_email_unique` (`email`)
) ENGINE=InnoDB  DEFAULT CHARSET=utf8mb4 COLLATE=utf8mb4_unicode_ci AUTO_INCREMENT=5 ;

--
-- Volcado de datos para la tabla `users`
--

INSERT INTO `users` (`id`, `name`, `email`, `password`, `remember_token`, `created_at`, `updated_at`) VALUES
(4, 'carmelo restivo', 'carmelo@gmail.com', '$2y$10$3e8hUmrSat0nGPG0kGNJ..eW4RhWK9yyLkA/rk4xGS92d1q10gzq6', NULL, '2018-03-28 04:00:00', '2018-03-28 04:00:00');

-- --------------------------------------------------------

--
-- Estructura de tabla para la tabla `votos`
--

CREATE TABLE IF NOT EXISTS `votos` (
  `id` bigint(20) NOT NULL AUTO_INCREMENT,
  `guid` varchar(32) DEFAULT NULL,
  `id_periodo` bigint(20) NOT NULL,
  `id_candidato` bigint(20) NOT NULL,
  `id_comite` bigint(20) NOT NULL,
  `created_at` timestamp NULL DEFAULT NULL,
  `updated_at` timestamp NULL DEFAULT NULL,
  PRIMARY KEY (`id`)
) ENGINE=InnoDB DEFAULT CHARSET=latin1 AUTO_INCREMENT=1 ;

/*!40101 SET CHARACTER_SET_CLIENT=@OLD_CHARACTER_SET_CLIENT */;
/*!40101 SET CHARACTER_SET_RESULTS=@OLD_CHARACTER_SET_RESULTS */;
/*!40101 SET COLLATION_CONNECTION=@OLD_COLLATION_CONNECTION */;
